{
  "random_forest": {
    "accuracy": 0.99299408966412,
    "macro_f1": 0.9925931322366275,
    "per_class": {
      "H": {
        "precision": 0.9838095948668208,
        "recall": 0.9980320920375416,
        "f1-score": 0.9908698102573736,
        "support": 13212.0
      },
      "S": {
        "precision": 0.9987783103091815,
        "recall": 0.9898942858473432,
        "f1-score": 0.9943164542158812,
        "support": 21473.0
      },
      "accuracy": 0.99299408966412,
      "macro avg": {
        "precision": 0.9912939525880011,
        "recall": 0.9939631889424424,
        "f1-score": 0.9925931322366275,
        "support": 34685.0
      },
      "weighted avg": {
        "precision": 0.993076517937134,
        "recall": 0.99299408966412,
        "f1-score": 0.9930035794867533,
        "support": 34685.0
      }
    }
  },
  "logistic_regression": {
    "accuracy": 0.6480899524290039,
    "macro_f1": 0.6384452119078668
  },
  "simulation": {
    "n_hands": 34685,
    "rf_model": {
      "ev_per_hand": 0.1210987223816471,
      "win_rate": 0.5386766613810005
    },
    "basic_strategy": {
      "ev_per_hand": 0.11894190572293499,
      "win_rate": 0.462015280380568
    }
  }
}